id,cancer
1.3.6.1.4.1.14519.5.2.1.6279.6001.179049373636438705059720603192,1
